id;дата;оценка;автор;текст;лайки;подтверждён;посещений;фото
296787470;2026-09-15;3;A🪼;.;0;нет;;0
296737545;2026-09-14;5;М Abilzhan;👍🏼👍🏼👍🏼;0;нет;;0
295269500;2026-09-08;4;Даурен Граймс;Донер вкусный, но иногда бывает кисловатый;0;да;1;0
292818271;2026-09-03;1;Саня Шибков;Ужасные донеры,очень долгое ожидание,летают мухи;0;да;1;0
284376290;2026-09-02;5;Olzhas Tulegenov;Хорошо готовить и кусно;0;да;;0
282054666;2026-09-01;5;Сенбай Имангали;Мошный донер имно ассарти сыром өте жақсы жартысына тойып кеттім даже әншиінде тоймайтвн едім;0;да;1;1
270984992;2026-08-21;5;𝚈𝚎𝚛𝚊𝚜𝚜𝚢𝚕 ;Отличное заведение;0;да;;0
269317507;2026-08-16;1;Мико .;Донер норм но кечунезом не нрав;0;да;;0
268472148;2026-08-14;5;Aleksandra Karmen;👍🏻👍🏻👍🏻👍🏻;0;нет;;0
266522046;2026-08-09;5;Amirzhan ❤️;еда вкусная, но я её не ел, просто с улицы смотрел как люди едят, они улыбались:);2;да;;0
266514153;2026-08-09;5;Мадина .;Кушты;0;да;;0
265013692;2026-08-05;5;Nazerke S;👍🏻👍🏻👍🏻;0;да;2;0
264587123;2026-08-04;2;Rus1k 04;Донер слышком майлы, бурынгыдай емес👎🏻👎🏻👎🏻;0;да;;0
263478978;2026-07-31;4;анимешник;кейде нормально кейде аз беред;0;да;;0
262672510;2026-07-30;3;Riinno Akhmetkalieev;вкусные донеры. очень быстрый персонал👍🏻;0;нет;;0
262533663;2026-07-29;5;zha1gas tl.;Донер сочный🔥;0;да;;0
253921396;2026-06-29;5;Бакдаулет Конакбай;😍🔥;0;да;;0
253869775;2026-06-28;5;Зоя Кайратовна;⭐⭐⭐⭐⭐ Лучший донер в городе, без вариантов! Если вы ищете тот самый идеальный, сочный и сытный донер — вам определенно сюда. Захожу в «Истанбул донер» уже не первый раз, и качество всегда на высоте! Что особенно круто:  Мясо: Настоящее, идеально прожаренное, без лишнего жира и хрящей. Чувствуется, что маринуют на совесть.  Соус: Это отдельная любовь! Не банальный майонез из пачки, а фирменный, сбалансированный соус, от которого лаваш не размокает, но внутри всё мега-сочно.  Овощи: Всегда свежие, хрустящие, всё в идеальных пропорциях.  Размер: Порции просто огромные. Одним донером можно наесться на полдня вперед. Атмосфера приятная, чисто, а персонал работает очень быстро — завернули горячий шедевр буквально за пару минут.;1;да;;0
253810013;2026-06-28;5;Suinzhan Bekbosinov;😎;0;да;;0
253801765;2026-06-28;5;Akylbek Amangeldi;Керемет дәмі өте  Советую👍🏻;1;да;;0
253796896;2026-06-28;5;Бибигайша Абдуллина;Доставканы ыссы куйінде 35 минутта әкеліп берді👍🏻 чикен просто супер👍🏻;0;да;;0
253796053;2026-06-28;5;Bek Raimbek;👍👍🔥🔥;1;да;;0
253794456;2026-06-28;5;Khan;Зор 👍🏻 советую;0;да;;0
253793806;2026-06-28;5;Daurbek Ilyazov;Өте дәмді 👍;0;да;;0
253792703;2026-06-28;5;B UR;Зор зор;0;да;;0
253792578;2026-06-28;5;Medet M;хороший места;0;да;;0
253573201;2026-06-27;5;Sergey SH;Очень вкусный донер, встретили мото путешествеников, чисто, опрятно;0;да;;0
253464471;2026-06-27;5;Sayagul Nurlybekova;Донердің дәмі деген күштііі, қытырлап тұрады 😋😍;1;да;7;1
253378930;2026-06-27;5;Zhuldizai Yesbergen;Очень вкусные донеры только в Истанбул;1;да;2;0
253327298;2026-06-26;5;Максат Абдуллаев;Хорошие обслуживание. Быстрый готовка. Все на высшем уровне. Желаю попробовать не пожалеете. Приятного аппетита 🔥🔥🔥;2;да;;0
253322633;2026-06-26;5;Асель Малдыбаева;Донерлері өте дәмді. Номер 1. Кытырлап турады всегда. Рахмет;1;да;;0
253318607;2026-06-26;5;Айымгуль Самбетова;Вкусный фастфуд! Донеры, бургеры все вкусно! Рахмет👏;1;да;;0
253317617;2026-06-26;5;Мухтар Самбетов;Очень вкусные фаст фуд: Дрнеры, бургеры.  В Хромтау номер 1;0;да;;0
253300195;2026-06-26;5;Mykhambet Asylkhan;Проста топ.;0;да;;0
251514384;2026-06-20;1;Нариман Тасқынбаев;Таракан шықты донерден;1;да;1;0
249894349;2026-06-14;1;Fireilias;Донер маленьким стал;1;да;;0
242700410;2026-05-15;2;Арсен Вшшвшушушушу;Донеры классные и вкусные а в заведений очень много Комаров и мешают кушать очень Сильно трудно было есть много Комаров было а так донеры вкусные;0;нет;;0
241623963;2026-05-10;5;ermurat esbolsyn;Донер очень вкусный;0;да;;0
240927111;2026-05-07;5;Ельдос Макежанов;очень вкусно;0;да;;0
237684695;2026-04-22;5;Айдос Адильханов;Tema;0;да;2;0
234947411;2026-04-09;1;Aiko Mermaid🧜🏼‍♀️;Ужасно невкусно🤢;0;нет;;0
232322451;2026-03-29;5;Алеся Сейсенгалиева;Город Хромтау, “Istanbul” донерная на высшем уровне,очень вкусно,сытно,не подгорелые,сочные!👍 Заказывайте,не пожалеете!🤗 Цены доступные,кассир приятной внешности,отвечает любезно! Спасибо что вы есть в нашем Хромтау!💐 Будем всегда рады ,посетить именно ваш донерный! Вкусно!Аппетитно!Оболденно!😋 😋😋😋😋😋😋😋😋😋😋😋😋😋😋😋;4;да;;0
230685521;2026-03-21;1;🫶🏻 каука;ответственность НОЛЬ!!!!;1;да;1;0
227784614;2026-03-08;1;colondezzza .;очень долго делали ждали 1 час и еще не отвечают;0;нет;;0
215728611;2026-01-30;5;Шолпан Буркитова;Техничка не просто так прогоняет, они не просто так сидят ,они заказ не делают сидят греются , я просто молчала, но они забивают унитаз, мало ёщё лазиют по карманам не которых ребят ловили и просто простили ёщё ходят по помытому , они же в одном месте не седят огрызаються , грызут семечку плюются на рөл убираюсь , я знаю что за это получаю заработную плату, но это не дает на это право , теперь хочу узнать Ваше мнение , если бы Ваши мамы работали техничкой, то как бы вы поступили на ее месте???;5;да;;0
212954421;2026-01-19;5;ZHAKENG001 🎰;😋😋😋 топ🤩;0;да;130;0
210759524;2026-01-07;4;Zhambylulyy .;Еда вкусная но персонал грубый точнее уборщица прогоняет клиентов не за что. А так все вкусно.;1;да;2;0
206019096;2025-12-16;5;Akonya Younus;Честный отзыв не накрученный не верите посмотрите куда я ставил отзывы не накрученный 23:01 Кассир кыз четки обслужка мощный сыпайылык урып тур ага ага деп сыйлап тур не ишесыз деп одан артык не керек??? Донер дами сбалансированный артык ештенеси жок касында соусы бесплатно перчигы бар коласын донер ден кеин ишсен Асказанга ем шипа Ал донер вкусовой рецепторларга таза 0ргазм создын шыны керек донер кз оинамаи калды сенбесендер салстрп кориндер;6;да;;0
203933816;2025-12-04;5;ZENO  🧊 TER;ДОНЕР СОЧНЫЙ МОЩНЫЙ СУПЕРСКИЙ ПУПЕРСКИЙ ВСЕГДА ХОЖУ ТУДА ЗА ДОНЕРОМ И БУРГЕРОМ И Т.Д РЕКОМЕНДУЮ 🌯🍔🍟;0;да;;0
202909494;2025-11-29;5;Влад Дагаев;Мощный донер 🔥;0;да;;0
198615388;2025-11-09;1;Roza 💕;Донер вообще не вкусно😬;0;нет;;0
178153078;2025-08-12;5;City spirit;прям вкуснооо бургерыыы 👍🏼👍🏼👍🏼👍🏼👍🏼;2;да;;0
176424756;2025-08-04;5;Eskalievaa 04;Обожаю, донер просто тема. Кассиры всегда вежливые, встречают с улыбкой 🤗;2;да;;0
175607522;2025-07-31;1;Берик Берик;Донеры есть невозможно. Внутри кетчуп голимый.;0;нет;;0
173303863;2025-07-21;5;adinur sailaubayev;х;0;да;;0
172457680;2025-07-18;5;Азамат А;Донер очень вкусный;0;да;1;0
161934803;2025-06-01;1;Daukaa 🥷🏻;плохое заведение долгое ожидание рабочие делают одолжение 👎👎👎;0;нет;;0
161442327;2025-05-29;5;~ B;V;0;да;;0
160781181;2025-05-26;5;K.N 09;🌯 донер кайф 🤤🤤;0;да;;0
156822135;2025-05-06;1;. .;Очень долго отвечают, донер часто холодный, обслуживание хромает.;0;нет;;0
143446910;2025-03-05;5;Асхат Абдуллаев;Бургер унады улкен тойымды;0;да;;0
142737259;2025-03-01;5;seisengalieva_d 💕;донер тема;0;да;1;0
136657638;2025-01-30;5;Асель Канатова;Всегда все вкусно 😋;0;да;;0
136656522;2025-01-30;5;Анель Канатова;Вкусные бургеры и хот доги;0;да;;0
135206599;2025-01-22;5;Belara Abdirovvvvaaaaaaa;Донер өте дәмді,маған ұнады жеп көруге кеңес беремін😍😍;5;да;1;1
129143612;2024-12-21;5;Mansur .;Самый лучший дноеры в хромтау;4;да;;0
126138871;2024-12-06;5;Кенже Бейсхан;Все быстро и апеттитно  Заказ бер өкінбейсің👍👍👍;2;да;;0
125967070;2024-12-05;5;Бекзат Елубай;Это заведение стало хорошо работать.Донер,бургер вообще отличный;2;да;14;0
125954637;2024-12-05;5;Мейрбек Орынбасар;Самые сочные донеры;1;да;;1
123357965;2024-11-22;5;Нурдаулеттт Сергазы;очень вкусно;2;да;;0
121596599;2024-11-13;5;Райля Абдуллаева;Всегда все вкусно и хорошие цены;2;да;;0
110639934;2024-09-13;3;Анеля 🐜;Много насекомых,в донере много жира ,чикен вкусный если бы было бы чисто. Диваны уже старые,требуется ремонт.;2;нет;;2
92415272;2024-07-28;1;Dias Umarov;Булки не свежие,твердые.Котлета разваливается ,вместо чедора положили обычный сыр, муравьи , не вкусно!;2;нет;;1
89831805;2024-07-09;1;Это Я;Заказал комбо 2 бургера, у повара не знаю где руки растут (точно ли он повар). Фри не свежее, бургер не вкусно приготовили.;2;нет;;0
88570510;2024-06-29;5;кирилл костин;Имба кафе особенно куриный донер в батоне;1;да;;0
87901125;2024-06-24;1;Мади;Всем доброго дня! 23 июня 2024 года заказал донер с курицей острый Одна касса принимает оплату за донер другая за остроту это +150 тенге. Попросил добавить внутрь донера остроту. В итоге сижу кушаю но до сих пор не нашел ничего острого внутри! То ли не добавляли то ли его очень критический мало настолько что не чувствуется. К сожалению говорят что добавили и на этом все.;0;нет;;0
84838674;2024-06-01;4;Tensazantetsu;Очень хорошие блюда но много насекомых и мало место ддя многих посетителей раньше очень много брал там;1;да;;0
84781487;2024-05-31;5;Арман Куанышбай;Фкусно,быстро;0;да;;0
79101137;2024-04-14;1;Местный Критик;Заведение оставляет желать лучшего, скатились, везде грязно, летают комары, ждали один заказ целых 25 минут без преувлечений, заказывали комбо-бургер пришел с несвежей булкой, внутри котлета по краям очень сильно пригорела, фри как будто приготовили минут 30 назад, холодный, никому не советовал бы данное заведение.;3;нет;;0
